"Status","Start Time","Stop Time","Duration in ms","Parent Suite","Suite","Sub Suite","Test Class","Test Method","Name","Description"
"skipped","Fri Oct 09 08:11:16 UTC 2026","Fri Oct 09 08:11:20 UTC 2026","4361","","integration.ApiUiIntegrationTest","","integration.ApiUiIntegrationTest","testSearchWebTableUsingApiData","Should search Web Table using API booking data [1]","Integration test: Create booking via API, add to UI, then search for it using API data"
"skipped","Fri Oct 09 08:11:20 UTC 2026","Fri Oct 09 08:11:25 UTC 2026","4122","","integration.ApiUiIntegrationTest","","integration.ApiUiIntegrationTest","testSearchWebTableUsingApiData","Should search Web Table using API booking data [2]","Integration test: Create booking via API, add to UI, then search for it using API data"
"failed","Fri Oct 09 08:11:25 UTC 2026","Fri Oct 09 08:11:29 UTC 2026","4048","","integration.ApiUiIntegrationTest","","integration.ApiUiIntegrationTest","testSearchWebTableUsingApiData","Should search Web Table using API booking data [3]","Integration test: Create booking via API, add to UI, then search for it using API data"
"skipped","Fri Oct 09 08:10:36 UTC 2026","Fri Oct 09 08:10:40 UTC 2026","3984","","integration.ApiUiIntegrationTest","","integration.ApiUiIntegrationTest","testUpdateApiBookingAndSyncToWebTable","Should update booking via API and reflect changes in Web Table [2]","Integration test: Create booking via API, add to UI, update via API, then verify UI can be updated too"
"failed","Fri Oct 09 08:11:11 UTC 2026","Fri Oct 09 08:11:16 UTC 2026","5573","","integration.ApiUiIntegrationTest","","integration.ApiUiIntegrationTest","testSyncMultipleApiBookingsToUiWebTable","Should sync multiple API bookings to Web Table [3]","Integration test: Create multiple bookings via API and sync them all to Web Table UI"
"skipped","Fri Oct 09 08:10:56 UTC 2026","Fri Oct 09 08:11:05 UTC 2026","9158","","integration.ApiUiIntegrationTest","","integration.ApiUiIntegrationTest","testSyncMultipleApiBookingsToUiWebTable","Should sync multiple API bookings to Web Table [1]","Integration test: Create multiple bookings via API and sync them all to Web Table UI"
"skipped","Fri Oct 09 08:10:44 UTC 2026","Fri Oct 09 08:10:48 UTC 2026","4105","","integration.ApiUiIntegrationTest","","integration.ApiUiIntegrationTest","testCreateApiBookingAndAddToUiWebTable","Should create booking via API and add to Web Table via UI [1]","Integration test: Create booking through API, then use that data to populate Web Table in UI"
"failed","Fri Oct 09 08:10:52 UTC 2026","Fri Oct 09 08:10:56 UTC 2026","4134","","integration.ApiUiIntegrationTest","","integration.ApiUiIntegrationTest","testCreateApiBookingAndAddToUiWebTable","Should create booking via API and add to Web Table via UI [3]","Integration test: Create booking through API, then use that data to populate Web Table in UI"
"skipped","Fri Oct 09 08:10:48 UTC 2026","Fri Oct 09 08:10:52 UTC 2026","4106","","integration.ApiUiIntegrationTest","","integration.ApiUiIntegrationTest","testCreateApiBookingAndAddToUiWebTable","Should create booking via API and add to Web Table via UI [2]","Integration test: Create booking through API, then use that data to populate Web Table in UI"
"skipped","Fri Oct 09 08:11:05 UTC 2026","Fri Oct 09 08:11:11 UTC 2026","5107","","integration.ApiUiIntegrationTest","","integration.ApiUiIntegrationTest","testSyncMultipleApiBookingsToUiWebTable","Should sync multiple API bookings to Web Table [2]","Integration test: Create multiple bookings via API and sync them all to Web Table UI"
"skipped","Fri Oct 09 08:10:28 UTC 2026","Fri Oct 09 08:10:36 UTC 2026","8203","","integration.ApiUiIntegrationTest","","integration.ApiUiIntegrationTest","testUpdateApiBookingAndSyncToWebTable","Should update booking via API and reflect changes in Web Table [1]","Integration test: Create booking via API, add to UI, update via API, then verify UI can be updated too"
"failed","Fri Oct 09 08:10:40 UTC 2026","Fri Oct 09 08:10:44 UTC 2026","4025","","integration.ApiUiIntegrationTest","","integration.ApiUiIntegrationTest","testUpdateApiBookingAndSyncToWebTable","Should update booking via API and reflect changes in Web Table [3]","Integration test: Create booking via API, add to UI, update via API, then verify UI can be updated too"
